id;title;description;deadline;status
1;gah moral probate;../fake-data/blob/hipster.txt;27612;PLANNED
2;minty massage scoff;../fake-data/blob/hipster.txt;3269;COMPLETED
3;vein cappelletti;../fake-data/blob/hipster.txt;23766;PLANNED
4;against quicker newsletter;../fake-data/blob/hipster.txt;2223;PLANNED
5;information of;../fake-data/blob/hipster.txt;20872;PLANNED
6;bleakly regulate;../fake-data/blob/hipster.txt;20829;COMPLETED
7;yet convalesce;../fake-data/blob/hipster.txt;11160;PLANNED
8;clinking synthesise phooey;../fake-data/blob/hipster.txt;19519;COMPLETED
9;gleefully pfft;../fake-data/blob/hipster.txt;24970;IN_PROGRESS
10;throughout upward;../fake-data/blob/hipster.txt;4592;PLANNED
